[
    {
        "model": "admin.logentry",
        "pk": 1,
        "fields": {
            "action_time": "2025-03-27T05:52:48.449Z",
            "user": 1,
            "content_type": 10,
            "object_id": "1",
            "object_repr": "missing marks",
            "action_flag": 1,
            "change_message": "[{\"added\": {}}]"
        }
    },
    {
        "model": "admin.logentry",
        "pk": 2,
        "fields": {
            "action_time": "2025-03-27T05:55:23.227Z",
            "user": 1,
            "content_type": 8,
            "object_id": "3",
            "object_repr": "lubegajulius23@gmail.com",
            "action_flag": 1,
            "change_message": "[{\"added\": {}}]"
        }
    },
    {
        "model": "admin.logentry",
        "pk": 3,
        "fields": {
            "action_time": "2025-03-27T05:55:27.052Z",
            "user": 1,
            "content_type": 9,
            "object_id": "1",
            "object_repr": "Registration for lubegajulius23@gmail.com",
            "action_flag": 1,
            "change_message": "[{\"added\": {}}]"
        }
    },
    {
        "model": "admin.logentry",
        "pk": 4,
        "fields": {
            "action_time": "2025-03-28T15:13:38.199Z",
            "user": 1,
            "content_type": 8,
            "object_id": "4",
            "object_repr": "ismail@gmail.com",
            "action_flag": 1,
            "change_message": "[{\"added\": {}}]"
        }
    },
    {
        "model": "admin.logentry",
        "pk": 5,
        "fields": {
            "action_time": "2025-03-28T15:14:25.694Z",
            "user": 1,
            "content_type": 10,
            "object_id": "2",
            "object_repr": "wrong submission",
            "action_flag": 1,
            "change_message": "[{\"added\": {}}]"
        }
    },
    {
        "model": "auth.permission",
        "pk": 1,
        "fields": {
            "name": "Can add log entry",
            "content_type": 1,
            "codename": "add_logentry"
        }
    },
    {
        "model": "auth.permission",
        "pk": 2,
        "fields": {
            "name": "Can change log entry",
            "content_type": 1,
            "codename": "change_logentry"
        }
    },
    {
        "model": "auth.permission",
        "pk": 3,
        "fields": {
            "name": "Can delete log entry",
            "content_type": 1,
            "codename": "delete_logentry"
        }
    },
    {
        "model": "auth.permission",
        "pk": 4,
        "fields": {
            "name": "Can view log entry",
            "content_type": 1,
            "codename": "view_logentry"
        }
    },
    {
        "model": "auth.permission",
        "pk": 5,
        "fields": {
            "name": "Can add permission",
            "content_type": 2,
            "codename": "add_permission"
        }
    },
    {
        "model": "auth.permission",
        "pk": 6,
        "fields": {
            "name": "Can change permission",
            "content_type": 2,
            "codename": "change_permission"
        }
    },
    {
        "model": "auth.permission",
        "pk": 7,
        "fields": {
            "name": "Can delete permission",
            "content_type": 2,
            "codename": "delete_permission"
        }
    },
    {
        "model": "auth.permission",
        "pk": 8,
        "fields": {
            "name": "Can view permission",
            "content_type": 2,
            "codename": "view_permission"
        }
    },
    {
        "model": "auth.permission",
        "pk": 9,
        "fields": {
            "name": "Can add group",
            "content_type": 3,
            "codename": "add_group"
        }
    },
    {
        "model": "auth.permission",
        "pk": 10,
        "fields": {
            "name": "Can change group",
            "content_type": 3,
            "codename": "change_group"
        }
    },
    {
        "model": "auth.permission",
        "pk": 11,
        "fields": {
            "name": "Can delete group",
            "content_type": 3,
            "codename": "delete_group"
        }
    },
    {
        "model": "auth.permission",
        "pk": 12,
        "fields": {
            "name": "Can view group",
            "content_type": 3,
            "codename": "view_group"
        }
    },
    {
        "model": "auth.permission",
        "pk": 13,
        "fields": {
            "name": "Can add content type",
            "content_type": 4,
            "codename": "add_contenttype"
        }
    },
    {
        "model": "auth.permission",
        "pk": 14,
        "fields": {
            "name": "Can change content type",
            "content_type": 4,
            "codename": "change_contenttype"
        }
    },
    {
        "model": "auth.permission",
        "pk": 15,
        "fields": {
            "name": "Can delete content type",
            "content_type": 4,
            "codename": "delete_contenttype"
        }
    },
    {
        "model": "auth.permission",
        "pk": 16,
        "fields": {
            "name": "Can view content type",
            "content_type": 4,
            "codename": "view_contenttype"
        }
    },
    {
        "model": "auth.permission",
        "pk": 17,
        "fields": {
            "name": "Can add session",
            "content_type": 5,
            "codename": "add_session"
        }
    },
    {
        "model": "auth.permission",
        "pk": 18,
        "fields": {
            "name": "Can change session",
            "content_type": 5,
            "codename": "change_session"
        }
    },
    {
        "model": "auth.permission",
        "pk": 19,
        "fields": {
            "name": "Can delete session",
            "content_type": 5,
            "codename": "delete_session"
        }
    },
    {
        "model": "auth.permission",
        "pk": 20,
        "fields": {
            "name": "Can view session",
            "content_type": 5,
            "codename": "view_session"
        }
    },
    {
        "model": "auth.permission",
        "pk": 21,
        "fields": {
            "name": "Can add category",
            "content_type": 6,
            "codename": "add_category"
        }
    },
    {
        "model": "auth.permission",
        "pk": 22,
        "fields": {
            "name": "Can change category",
            "content_type": 6,
            "codename": "change_category"
        }
    },
    {
        "model": "auth.permission",
        "pk": 23,
        "fields": {
            "name": "Can delete category",
            "content_type": 6,
            "codename": "delete_category"
        }
    },
    {
        "model": "auth.permission",
        "pk": 24,
        "fields": {
            "name": "Can view category",
            "content_type": 6,
            "codename": "view_category"
        }
    },
    {
        "model": "auth.permission",
        "pk": 25,
        "fields": {
            "name": "Can add department",
            "content_type": 7,
            "codename": "add_department"
        }
    },
    {
        "model": "auth.permission",
        "pk": 26,
        "fields": {
            "name": "Can change department",
            "content_type": 7,
            "codename": "change_department"
        }
    },
    {
        "model": "auth.permission",
        "pk": 27,
        "fields": {
            "name": "Can delete department",
            "content_type": 7,
            "codename": "delete_department"
        }
    },
    {
        "model": "auth.permission",
        "pk": 28,
        "fields": {
            "name": "Can view department",
            "content_type": 7,
            "codename": "view_department"
        }
    },
    {
        "model": "auth.permission",
        "pk": 29,
        "fields": {
            "name": "Can add user",
            "content_type": 8,
            "codename": "add_user"
        }
    },
    {
        "model": "auth.permission",
        "pk": 30,
        "fields": {
            "name": "Can change user",
            "content_type": 8,
            "codename": "change_user"
        }
    },
    {
        "model": "auth.permission",
        "pk": 31,
        "fields": {
            "name": "Can delete user",
            "content_type": 8,
            "codename": "delete_user"
        }
    },
    {
        "model": "auth.permission",
        "pk": 32,
        "fields": {
            "name": "Can view user",
            "content_type": 8,
            "codename": "view_user"
        }
    },
    {
        "model": "auth.permission",
        "pk": 33,
        "fields": {
            "name": "Can add registration",
            "content_type": 9,
            "codename": "add_registration"
        }
    },
    {
        "model": "auth.permission",
        "pk": 34,
        "fields": {
            "name": "Can change registration",
            "content_type": 9,
            "codename": "change_registration"
        }
    },
    {
        "model": "auth.permission",
        "pk": 35,
        "fields": {
            "name": "Can delete registration",
            "content_type": 9,
            "codename": "delete_registration"
        }
    },
    {
        "model": "auth.permission",
        "pk": 36,
        "fields": {
            "name": "Can view registration",
            "content_type": 9,
            "codename": "view_registration"
        }
    },
    {
        "model": "auth.permission",
        "pk": 37,
        "fields": {
            "name": "Can add issue",
            "content_type": 10,
            "codename": "add_issue"
        }
    },
    {
        "model": "auth.permission",
        "pk": 38,
        "fields": {
            "name": "Can change issue",
            "content_type": 10,
            "codename": "change_issue"
        }
    },
    {
        "model": "auth.permission",
        "pk": 39,
        "fields": {
            "name": "Can delete issue",
            "content_type": 10,
            "codename": "delete_issue"
        }
    },
    {
        "model": "auth.permission",
        "pk": 40,
        "fields": {
            "name": "Can view issue",
            "content_type": 10,
            "codename": "view_issue"
        }
    },
    {
        "model": "auth.permission",
        "pk": 41,
        "fields": {
            "name": "Can add activity",
            "content_type": 11,
            "codename": "add_activity"
        }
    },
    {
        "model": "auth.permission",
        "pk": 42,
        "fields": {
            "name": "Can change activity",
            "content_type": 11,
            "codename": "change_activity"
        }
    },
    {
        "model": "auth.permission",
        "pk": 43,
        "fields": {
            "name": "Can delete activity",
            "content_type": 11,
            "codename": "delete_activity"
        }
    },
    {
        "model": "auth.permission",
        "pk": 44,
        "fields": {
            "name": "Can view activity",
            "content_type": 11,
            "codename": "view_activity"
        }
    },
    {
        "model": "contenttypes.contenttype",
        "pk": 1,
        "fields": {
            "app_label": "admin",
            "model": "logentry"
        }
    },
    {
        "model": "contenttypes.contenttype",
        "pk": 2,
        "fields": {
            "app_label": "auth",
            "model": "permission"
        }
    },
    {
        "model": "contenttypes.contenttype",
        "pk": 3,
        "fields": {
            "app_label": "auth",
            "model": "group"
        }
    },
    {
        "model": "contenttypes.contenttype",
        "pk": 4,
        "fields": {
            "app_label": "contenttypes",
            "model": "contenttype"
        }
    },
    {
        "model": "contenttypes.contenttype",
        "pk": 5,
        "fields": {
            "app_label": "sessions",
            "model": "session"
        }
    },
    {
        "model": "contenttypes.contenttype",
        "pk": 6,
        "fields": {
            "app_label": "UNI",
            "model": "category"
        }
    },
    {
        "model": "contenttypes.contenttype",
        "pk": 7,
        "fields": {
            "app_label": "UNI",
            "model": "department"
        }
    },
    {
        "model": "contenttypes.contenttype",
        "pk": 8,
        "fields": {
            "app_label": "UNI",
            "model": "user"
        }
    },
    {
        "model": "contenttypes.contenttype",
        "pk": 9,
        "fields": {
            "app_label": "UNI",
            "model": "registration"
        }
    },
    {
        "model": "contenttypes.contenttype",
        "pk": 10,
        "fields": {
            "app_label": "UNI",
            "model": "issue"
        }
    },
    {
        "model": "contenttypes.contenttype",
        "pk": 11,
        "fields": {
            "app_label": "UNI",
            "model": "activity"
        }
    },
    {
        "model": "sessions.session",
        "pk": "mhswz6hmiz3k22vjkphurbd9szcmfmke",
        "fields": {
            "session_data": ".eJxVjMsOwiAUBf-FtSGl0MJ16d5vIPcBUjU0Ke3K-O_apAvdnpk5LxVxW0vcWlriJOqsjDr9boT8SHUHcsd6mzXPdV0m0ruiD9r0dZb0vBzu30HBVr41BxFEsMDSO-wEyIxoIWRGGMCIZU-UCRC6NIyQsgPbB-us80nYo3p_AAwAOKk:1tzKyQ:or9TY9RJ1XcGvd539C0N1VqJA60ViUTWW8B8yeEaMro",
            "expire_date": "2025-04-14T19:39:06.383Z"
        }
    },
    {
        "model": "sessions.session",
        "pk": "oc3z51umqxd7a2p8tt7x11gvr3x87u7h",
        "fields": {
            "session_data": ".eJxVjMsOwiAUBf-FtSGl0MJ16d5vIPcBUjU0Ke3K-O_apAvdnpk5LxVxW0vcWlriJOqsjDr9boT8SHUHcsd6mzXPdV0m0ruiD9r0dZb0vBzu30HBVr41BxFEsMDSO-wEyIxoIWRGGMCIZU-UCRC6NIyQsgPbB-us80nYo3p_AAwAOKk:1twbjW:XI8lTFhwkoVbe8MMA2LRJD2J19UkTDiOm7y4pf198MY",
            "expire_date": "2025-04-07T06:56:26.914Z"
        }
    },
    {
        "model": "UNI.user",
        "pk": 1,
        "fields": {
            "password": "pbkdf2_sha256$870000$ger6Bzu9KjKvMh0IKNUzLh$M4JuQECfPQ3XlCLOuXawrj4Y13khNftrab8uWLaCsMs=",
            "last_login": "2025-03-31T19:39:06.376Z",
            "is_superuser": true,
            "username": "123456",
            "first_name": "",
            "last_name": "",
            "is_staff": true,
            "is_active": true,
            "date_joined": "2025-03-24T06:52:27.784Z",
            "email": "a@gmail.com",
            "groups": [],
            "user_permissions": []
        }
    },
    {
        "model": "UNI.user",
        "pk": 2,
        "fields": {
            "password": "pbkdf2_sha256$870000$UY8HHqm7auWpcDsOOkWUuQ$iRtbL2tYwXqGVDpeZOmGtnYA4Jd/lETH+jlCs+3Ebz8=",
            "last_login": null,
            "is_superuser": true,
            "username": "admin",
            "first_name": "Admin",
            "last_name": "User",
            "is_staff": true,
            "is_active": true,
            "date_joined": "2025-03-24T06:58:00.310Z",
            "email": "admin@example.com",
            "groups": [],
            "user_permissions": []
        }
    },
    {
        "model": "UNI.user",
        "pk": 3,
        "fields": {
            "password": "pbkdf2_sha256$870000$3WoBhaishbV3LTR3yD44v8$/lVt1hD5vcMX5NQs/5r12l/oFslOVt67D3c+sD4OSA0=",
            "last_login": null,
            "is_superuser": false,
            "username": "mercylina",
            "first_name": "",
            "last_name": "",
            "is_staff": true,
            "is_active": true,
            "date_joined": "2025-03-27T05:55:21.152Z",
            "email": "lubegajulius23@gmail.com",
            "groups": [],
            "user_permissions": []
        }
    },
    {
        "model": "UNI.user",
        "pk": 4,
        "fields": {
            "password": "pbkdf2_sha256$870000$7N6Nl3yuNmbdCwppmKEdSO$LRM3DyF7665tfm5NU6g+8d9XqvvDNBEOKNxdlLyMHww=",
            "last_login": null,
            "is_superuser": false,
            "username": "ismail",
            "first_name": "",
            "last_name": "",
            "is_staff": false,
            "is_active": true,
            "date_joined": "2025-03-28T15:13:36.192Z",
            "email": "ismail@gmail.com",
            "groups": [],
            "user_permissions": []
        }
    },
    {
        "model": "UNI.department",
        "pk": 1,
        "fields": {
            "name": "Computer Science",
            "description": "Department of Computer Science and Software Engineering"
        }
    },
    {
        "model": "UNI.department",
        "pk": 2,
        "fields": {
            "name": "Mathematics",
            "description": "Department of Mathematics and Statistics"
        }
    },
    {
        "model": "UNI.department",
        "pk": 3,
        "fields": {
            "name": "Physics",
            "description": "Department of Physics and Astronomy"
        }
    },
    {
        "model": "UNI.department",
        "pk": 4,
        "fields": {
            "name": "Humanities",
            "description": "Department of Humanities and Social Sciences"
        }
    },
    {
        "model": "UNI.department",
        "pk": 5,
        "fields": {
            "name": "Administration",
            "description": "Administrative Department"
        }
    },
    {
        "model": "UNI.department",
        "pk": 6,
        "fields": {
            "name": "Finance",
            "description": "Department of Finance and Accounting"
        }
    },
    {
        "model": "UNI.department",
        "pk": 7,
        "fields": {
            "name": "Marketing",
            "description": "Department of Marketing and Sales"
        }
    },
    {
        "model": "UNI.department",
        "pk": 8,
        "fields": {
            "name": "Human Resources",
            "description": "Department of Human Resources"
        }
    },
    {
        "model": "UNI.department",
        "pk": 9,
        "fields": {
            "name": "law",
            "description": "Department of Law and Legal Studies"
        }
    },
    {
        "model": "UNI.department",
        "pk": 10,
        "fields": {
            "name": "Engineering",
            "description": "Department of Engineering and Technology"
        }
    },
    {
        "model": "UNI.department",
        "pk": 11,
        "fields": {
            "name": "Medicine",
            "description": "Department of Medicine and Health Sciences"
        }
    },
    {
        "model": "UNI.department",
        "pk": 12,
        "fields": {
            "name": "Dentistry",
            "description": "Department of Dentistry and Oral Health"
        }
    },
    {
        "model": "UNI.department",
        "pk": 13,
        "fields": {
            "name": "Pharmacy",
            "description": "Department of Pharmacy and Pharmaceutical Sciences"
        }
    },
    {
        "model": "UNI.department",
        "pk": 14,
        "fields": {
            "name": "Nursing",
            "description": "Department of Nursing and Midwifery"
        }
    },
    {
        "model": "UNI.department",
        "pk": 15,
        "fields": {
            "name": "Psychology",
            "description": "Department of Psychology and Mental Health"
        }
    },
    {
        "model": "UNI.department",
        "pk": 16,
        "fields": {
            "name": "Education",
            "description": "Department of Education and Teaching"
        }
    },
    {
        "model": "UNI.department",
        "pk": 17,
        "fields": {
            "name": "Agriculture",
            "description": "Department of Agriculture and Environmental Sciences"
        }
    },
    {
        "model": "UNI.department",
        "pk": 18,
        "fields": {
            "name": "Architecture",
            "description": "Department of Architecture and Urban Planning"
        }
    },
    {
        "model": "UNI.department",
        "pk": 19,
        "fields": {
            "name": "Design",
            "description": "Department of Design and Creative Arts"
        }
    },
    {
        "model": "UNI.department",
        "pk": 20,
        "fields": {
            "name": "Music",
            "description": "Department of Music and Performing Arts"
        }
    },
    {
        "model": "UNI.department",
        "pk": 21,
        "fields": {
            "name": "Film",
            "description": "Department of Film and Media Studies"
        }
    },
    {
        "model": "UNI.department",
        "pk": 22,
        "fields": {
            "name": "Journalism",
            "description": "Department of Journalism and Mass Communication"
        }
    },
    {
        "model": "UNI.department",
        "pk": 23,
        "fields": {
            "name": "History",
            "description": "Department of History and Archaeology"
        }
    },
    {
        "model": "UNI.department",
        "pk": 24,
        "fields": {
            "name": "Philosophy",
            "description": "Department of Philosophy and Ethics"
        }
    },
    {
        "model": "UNI.department",
        "pk": 25,
        "fields": {
            "name": "Religion",
            "description": "Department of Religion and Theology"
        }
    },
    {
        "model": "UNI.department",
        "pk": 26,
        "fields": {
            "name": "Languages",
            "description": "Department of Languages and Linguistics"
        }
    },
    {
        "model": "UNI.department",
        "pk": 27,
        "fields": {
            "name": "Literature",
            "description": "Department of Literature and Writing"
        }
    },
    {
        "model": "UNI.department",
        "pk": 28,
        "fields": {
            "name": "Geography",
            "description": "Department of Geography and Geology"
        }
    },
    {
        "model": "UNI.department",
        "pk": 29,
        "fields": {
            "name": "Economics",
            "description": "Department of Economics and Development Studies"
        }
    },
    {
        "model": "UNI.department",
        "pk": 30,
        "fields": {
            "name": "Political Science",
            "description": "Department of Political Science and International Relations"
        }
    },
    {
        "model": "UNI.department",
        "pk": 31,
        "fields": {
            "name": "Sociology",
            "description": "Department of Sociology and Anthropology"
        }
    },
    {
        "model": "UNI.category",
        "pk": 1,
        "fields": {
            "name": "Grading",
            "color": "blue"
        }
    },
    {
        "model": "UNI.category",
        "pk": 2,
        "fields": {
            "name": "Registration",
            "color": "green"
        }
    },
    {
        "model": "UNI.category",
        "pk": 3,
        "fields": {
            "name": "Scheduling",
            "color": "purple"
        }
    },
    {
        "model": "UNI.category",
        "pk": 4,
        "fields": {
            "name": "Technical",
            "color": "yellow"
        }
    },
    {
        "model": "UNI.category",
        "pk": 5,
        "fields": {
            "name": "Materials",
            "color": "red"
        }
    },
    {
        "model": "UNI.issue",
        "pk": 1,
        "fields": {
            "Issue_id": "deb57153-53f9-4cf1-8a3e-5ca6ae8ee7e1",
            "title": "missing marks",
            "description": "missing sdp marks",
            "coursecode": null,
            "department": 1,
            "user": 1,
            "status": "pending",
            "priority": "medium",
            "category": 1,
            "created_by": 1,
            "assigned_to": 2,
            "affected_course": "computer science",
            "affected_student": "kuteesa",
            "created_at": "2025-03-27T05:52:48.439Z",
            "updated_at": "2025-03-27T05:52:48.446Z"
        }
    },
    {
        "model": "UNI.issue",
        "pk": 2,
        "fields": {
            "Issue_id": "5d2cb5e3-a46a-4b6e-9366-356cc9bb0979",
            "title": "wrong submission",
            "description": "i mistakenly submitted a wrong project",
            "coursecode": null,
            "department": 4,
            "user": 4,
            "status": "pending",
            "priority": "medium",
            "category": 4,
            "created_by": 4,
            "assigned_to": 2,
            "affected_course": "humanities",
            "affected_student": "ismail kagooya",
            "created_at": "2025-03-28T15:14:20.668Z",
            "updated_at": "2025-03-28T15:14:20.673Z"
        }
    },
    {
        "model": "UNI.issue",
        "pk": 3,
        "fields": {
            "Issue_id": "facc0a87-6799-42c0-8794-b041d4fbbf92",
            "title": "incorrect marks",
            "description": "addded wrong marks",
            "coursecode": null,
            "department": 1,
            "user": 1,
            "status": "pending",
            "priority": "medium",
            "category": null,
            "created_by": null,
            "assigned_to": 2,
            "affected_course": "computer science",
            "affected_student": "kuteesa",
            "created_at": "2025-03-31T10:18:20.504Z",
            "updated_at": "2025-03-31T10:18:20.504Z"
        }
    },
    {
        "model": "UNI.registration",
        "pk": 1,
        "fields": {
            "user": 3,
            "created_at": "2025-03-27T05:55:27.037Z"
        }
    }
]